source,title,url
rakuten_top,ショッピングチャンネル,https://event.rakuten.co.jp/campaign/live-shopping/shop/
rakuten_top,初めて利用キャンペーン,https://rd.rakuten.co.jp/s/?R2=https%3A%2F%2Fimg.travel.rakuten.co.jp%2Fimage%2Ftr%2Fuserm%2Fxu%2FLBbnt%2F&D2=3.8611.68708.907371.32391050&C3=0244bedcc42ba3ba9d17fd83ef3054249cbfecb5
pointclub,サービスをすべて表示,https://point.rakuten.co.jp/campaign/all
pointclub,Super Point Screen,https://point.rakuten.co.jp/campaign/8bcf759f6abfac1ed6458b9989c9df0c
pointclub,"もれなく1,700ポイント！",https://www.rakuten-bank.co.jp/campaign/account/17million/?scid=wi_grp_gmx_bnk_rss_17million
pointclub,スキマ時間にアンケート回答でポイントゲット！,https://member.insight.rakuten.co.jp/campaign/campaign00222.html?scid=wi_grp_gmx_rsc_rss
pointclub,無料で条件達成OK♪100ポイントもらえる！,https://screen.rakuten.co.jp/campaign/newreg/?scid=wi_grp_gmx_sps_rss&campaign=Pointclub&adgroup=Campaign_pc&creative=New100
pointclub,新規口座開設＆お取引で500ポイントもらえる,https://www.rakuten-wallet.co.jp/campaign/group500program/?scid=wi_grp_gmx_rwt_rss
pointclub,エントリーで初購入金額がポイント70倍！,https://books.rakuten.co.jp/event/e-book/camp-newpoint/?scid=wi_grp_gmx_kob_rss
pointclub,エントリー＆条件達成でもれなく150ポイント！,https://toto.rakuten.co.jp/campaign/20250701b/?scid=wi_grp_gmx_tot_rss
pointclub,エントリー＋ストア訪問で50ポイント！※条件あり,https://www.rebates.jp/event/pointclub-bonus?utm_medium=partner&utm_campaign=202507_rakutenpointclub_pc&utm_source=web&utm_content=rakutengroup&utm_term=&utm_size=&utm_pub=&utm_ebs=LP&scid=wi_grp_gmx_rbt_rss
pointclub,美容室などのサロン予約なら楽天ビューティ,https://app.adjust.com/1ibby10s?redirect=https://beauty.rakuten.co.jp/cnt/topics/campaign/app2x/?scid=wi_grp_gmx_bty_rss_pc
pointclub,楽天ぐるなび夏の乾杯キャンペーン！,https://dining.rakuten.co.jp/campaign/gnavi/summer2025/?scid=wi_grp_gmx_dnn_rss_01&sc_cid=cp_rkt_pointclub_cam250701_01
pointclub,車検を比較！安く！便利に！楽天Car車検,https://car.rakuten.co.jp/shaken/campaign/enemobi/fix/?scid=wi_grp_gmx_sha_rss_02
pointclub,月額費無料！24時間365日OK！,https://carshare.rakuten.co.jp/content/campaign/first/?scid=wi_grp_gmx_carshare_rss
pointclub,楽天ブログミッション達成で毎日ポイントゲット！,https://plaza.rakuten.co.jp/inc/campaign/mission/?scid=wi_grp_gmx_blg_rss
card,"【使えば使うほど当選確率UP】ローソン銀行ATMでのキャッシングで1,000ポイント当たる！

開催期間：
常時開催


進呈条件あり
期間限定ポイント",https://www.rakuten-card.co.jp/campaign/ca/lawson/point/
card,"分割またはリボ払いを合計1万円以上ご利用いただいた方の中から、抽選で50名様に10,000ポイント！

開催期間：
常時開催


進呈条件あり
期間限定ポイント",https://www.rakuten-card.co.jp/campaign/paymentsupport/
card,"JAFに新規ご入会のうえ、入会金・年会費をお支払いするともれなく1,000ポイント！

開催期間：
2025/5/30(金)00:00～2025/7/31(木)23:59


進呈上限・条件あり",https://www.rakuten-card.co.jp/campaign/xlo/201916/
